"Change","Adjusted_Cum_Feed","XGBoost_Pred"
"-15%",1594.9,9.57259368896484
"-10%",1688.71,10.053186416626
"-5%",1782.53,10.3909349441528
"0%",1876.35,10.3909349441528
"5%",1970.17,10.3909349441528
"10%",2063.99,10.3909349441528
"15%",2157.8,10.1413879394531
