"Model","RMSE","MAE","MAPE","R2"
"XGBoost",10.1922399749926,10.1882882273403,99.981914412374,NA
"BPNN",10.1922399749926,10.1882882273403,553271.866220995,NA
