"Change","Adjusted_Cum_Feed","XGBoost_Pred","BPNN_Pred"
"-15%",1594.9,9.57259368896484,0.349438157276957
"-10%",1688.71,10.053186416626,0.352574004801752
"-5%",1782.53,10.3909349441528,0.355698408421292
"0%",1876.35,10.3909349441528,0.358812146642035
"5%",1970.17,10.3909349441528,0.361915960289153
"10%",2063.99,10.3909349441528,0.365010554036934
"15%",2157.8,10.1413879394531,0.368096597924203
