"Change","Adjusted_Cum_Feed","XGBoost_Pred"
"-50%",938.18,10.0215425491333
"-40%",1125.81,9.9486255645752
"-30%",1313.44,9.73442649841309
"-20%",1501.08,9.72351455688477
"-10%",1688.71,10.053186416626
"0%",1876.35,10.3909349441528
"10%",2063.99,10.3909349441528
"20%",2251.62,10.1413879394531
"30%",2439.26,10.5560417175293
"40%",2626.89,10.5560417175293
"50%",2814.52,10.9076251983643
