"Model","RMSE","MAE","MAPE","R2"
"XGBoost_Real",2.67949472014888,1.76881342079157,28.4727896740658,0.915512081043834
